"Table 2. Per Capita Personal Income, by Metropolitan Area, 2020–2022",,,,,,,
,Per capita personal income1,,,,Percent change from preceding period,,
,Dollars,,,Rank in United States,Percent change,,Rank in United States
,2020,2021,2022,2022,2021,2022,2022
United States,"59,153","64,430","65,470",--,8.9,1.6,--
Metropolitan portion,"61,202","66,666","67,767",--,8.9,1.7,--
Nonmetropolitan portion,"46,220","50,312","50,917",--,8.9,1.2,--
Metropolitan Statistical Areas,,,,,,,
"Abilene, TX","48,195","52,537","53,457",227,9.0,1.8,149
"Akron, OH","54,631","59,333","60,170",122,8.6,1.4,181
"Albany, GA","42,025","46,851","45,893",346,11.5,-2.0,363
"Albany-Lebanon, OR","47,621","51,999","52,469",241,9.2,0.9,228
"Albany-Schenectady-Troy, NY","62,798","66,966","66,984",63,6.6,0.0,283
"Albuquerque, NM","48,654","52,972","53,954",219,8.9,1.9,139
"Alexandria, LA","47,730","51,115","51,451",261,7.1,0.7,244
"Allentown-Bethlehem-Easton, PA-NJ","59,407","62,247","62,912",94,4.8,1.1,217
"Altoona, PA","50,853","55,162","55,101",193,8.5,-0.1,292
"Amarillo, TX","52,122","56,394","57,124",163,8.2,1.3,193
"Ames, IA","45,861","49,501","50,657",273,7.9,2.3,104
"Anchorage, AK","63,703","67,529","70,566",42,6.0,4.5,16
"Ann Arbor, MI","64,606","69,892","71,368",40,8.2,2.1,116
"Anniston-Oxford, AL","39,591","43,045","42,533",375,8.7,-1.2,342
"Appleton, WI","54,943","59,015","60,060",125,7.4,1.8,147
"Asheville, NC","50,098","55,551","57,810",155,10.9,4.1,28
"Athens-Clarke County, GA","44,708","48,525","49,884",284,8.5,2.8,73
"Atlanta-Sandy Springs-Alpharetta, GA","58,140","63,474","64,107",81,9.2,1.0,222
"Atlantic City-Hammonton, NJ","53,533","57,351","55,918",180,7.1,-2.5,373
"Auburn-Opelika, AL","41,326","45,046","46,691",336,9.0,3.7,41
"Augusta-Richmond County, GA-SC","46,859","49,961","49,496",292,6.6,-0.9,331
"Austin-Round Rock-Georgetown, TX","64,453","71,844","75,119",25,11.5,4.6,14
"Bakersfield, CA","44,490","46,651","44,862",363,4.9,-3.8,383
"Baltimore-Columbia-Towson, MD","65,676","70,023","71,420",39,6.6,2.0,127
"Bangor, ME","47,264","50,753","51,998",251,7.4,2.5,95
"Barnstable Town, MA","79,606","83,891","85,317",12,5.4,1.7,155
"Baton Rouge, LA","52,635","56,839","56,897",167,8.0,0.1,280
"Battle Creek, MI","43,593","45,582","44,904",360,4.6,-1.5,350
"Bay City, MI","47,030","50,367","49,667",289,7.1,-1.4,348
"Beaumont-Port Arthur, TX","46,516","48,960","49,526",291,5.3,1.2,207
"Beckley, WV","42,542","46,426","47,065",331,9.1,1.4,185
"Bellingham, WA","53,867","58,581","58,993",135,8.8,0.7,240
"Bend, OR","64,080","70,161","71,627",36,9.5,2.1,118
"Billings, MT","56,200","61,824","64,017",82,10.0,3.5,49
"Binghamton, NY","47,886","50,470","49,216",296,5.4,-2.5,372
"Birmingham-Hoover, AL","54,817","60,157","62,262",99,9.7,3.5,51
"Bismarck, ND","61,067","67,147","68,698",50,10.0,2.3,107
"Blacksburg-Christiansburg, VA","40,883","44,730","46,345",342,9.4,3.6,43
"Bloomington, IL","54,939","59,244","58,178",148,7.8,-1.8,358
"Bloomington, IN","47,966","52,171","53,735",220,8.8,3.0,68
"Bloomsburg-Berwick, PA","50,359","53,507","53,399",228,6.2,-0.2,297
"Boise City, ID","51,706","56,963","59,739",126,10.2,4.9,12
"Boston-Cambridge-Newton, MA-NH","84,684","92,402","94,082",8,9.1,1.8,143
"Boulder, CO","81,673","93,472","98,553",7,14.4,5.4,6
"Bowling Green, KY","40,407","44,024","44,902",361,8.9,2.0,128
"Bremerton-Silverdale-Port Orchard, WA","62,192","66,919","68,198",55,7.6,1.9,134
"Bridgeport-Stamford-Norwalk, CT","115,859","119,982","125,185",4,3.6,4.3,21
"Brownsville-Harlingen, TX","33,704","38,001","37,325",383,12.7,-1.8,357
"Brunswick, GA","48,683","53,744","54,827",196,10.4,2.0,125
"Buffalo-Cheektowaga, NY","54,208","56,847","56,414",175,4.9,-0.8,324
"Burlington, NC","44,223","48,218","48,980",302,9.0,1.6,160
"Burlington-South Burlington, VT","61,207","65,021","67,342",62,6.2,3.6,47
"California-Lexington Park, MD","62,459","65,118","66,146",66,4.3,1.6,162
"Canton-Massillon, OH","48,671","52,663","53,175",232,8.2,1.0,226
"Cape Coral-Fort Myers, FL","58,139","62,783","63,568",86,8.0,1.2,201
"Cape Girardeau, MO-IL","45,765","48,085","49,170",297,5.1,2.3,110
"Carbondale-Marion, IL","45,312","48,931","48,363",308,8.0,-1.2,341
"Carson City, NV","54,776","59,579","61,026",110,8.8,2.4,97
"Casper, WY","63,738","66,986","68,472",52,5.1,2.2,112
"Cedar Rapids, IA","54,768","59,478","61,165",109,8.6,2.8,72
"Chambersburg-Waynesboro, PA","51,296","55,125","55,212",191,7.5,0.2,273
"Champaign-Urbana, IL","50,747","55,459","55,562",184,9.3,0.2,270
"Charleston, WV","47,367","51,487","52,369",243,8.7,1.7,153
"Charleston-North Charleston, SC","56,763","61,372","63,159",90,8.1,2.9,70
"Charlotte-Concord-Gastonia, NC-SC","58,149","62,906","65,156",70,8.2,3.6,46
"Charlottesville, VA","68,575","78,538","80,969",16,14.5,3.1,67
"Chattanooga, TN-GA","50,290","53,592","54,665",200,6.6,2.0,126
"Cheyenne, WY","55,842","58,724","59,148",134,5.2,0.7,239
"Chicago-Naperville-Elgin, IL-IN-WI","65,862","71,898","72,512",32,9.2,0.9,231
"Chico, CA","51,308","56,011","54,974",194,9.2,-1.9,360
"Cincinnati, OH-KY-IN","58,803","63,690","65,253",69,8.3,2.5,94
"Clarksville, TN-KY","44,577","48,057","47,421",326,7.8,-1.3,347
"Cleveland, TN","42,322","45,510","46,240",344,7.5,1.6,159
"Cleveland-Elyria, OH","56,884","61,714","62,921",92,8.5,2.0,130
"Coeur d'Alene, ID","51,986","57,652","60,474",114,10.9,4.9,11
"College Station-Bryan, TX","44,524","47,607","48,514",306,6.9,1.9,135
"Colorado Springs, CO","54,580","59,818","61,217",107,9.6,2.3,103
"Columbia, MO","50,103","53,584","54,618",203,6.9,1.9,133
"Columbia, SC","49,542","53,782","54,597",204,8.6,1.5,171
"Columbus, GA-AL","42,838","46,791","46,748",335,9.2,-0.1,290
"Columbus, IN","55,840","59,915","61,920",101,7.3,3.3,60
"Columbus, OH","55,902","60,579","61,228",106,8.4,1.1,216
"Corpus Christi, TX","48,665","53,654","54,916",195,10.3,2.4,102
"Corvallis, OR","49,990","54,622","55,325",188,9.3,1.3,194
"Crestview-Fort Walton Beach-Destin, FL","58,916","66,310","67,820",59,12.6,2.3,109
"Cumberland, MD-WV","45,534","48,003","47,013",332,5.4,-2.1,364
"Dallas-Fort Worth-Arlington, TX","61,681","67,945","70,493",43,10.2,3.7,37
"Dalton, GA","40,232","42,735","43,089",373,6.2,0.8,234
"Danville, IL","44,276","48,950","49,105",299,10.6,0.3,267
"Daphne-Fairhope-Foley, AL","51,230","55,865","56,747",171,9.0,1.6,161
"Davenport-Moline-Rock Island, IA-IL","51,841","56,086","56,690",172,8.2,1.1,215
"Dayton-Kettering, OH","52,236","55,806","56,468",173,6.8,1.2,204
"Decatur, AL","41,573","45,366","45,215",356,9.1,-0.3,307
"Decatur, IL","51,474","56,437","56,774",170,9.6,0.6,247
"Deltona-Daytona Beach-Ormond Beach, FL","49,079","53,457","54,768",197,8.9,2.5,96
"Denver-Aurora-Lakewood, CO","71,515","79,438","84,788",13,11.1,6.7,3
"Des Moines-West Des Moines, IA","58,268","63,202","64,401",79,8.5,1.9,136
"Detroit-Warren-Dearborn, MI","56,901","60,488","61,322",105,6.3,1.4,184
"Dothan, AL","45,736","49,585","49,482",293,8.4,-0.2,298
"Dover, DE","46,052","49,316","51,188",263,7.1,3.8,36
"Dubuque, IA","52,804","58,027","60,090",124,9.9,3.6,48
"Duluth, MN-WI","49,270","53,874","54,565",205,9.3,1.3,195
"Durham-Chapel Hill, NC","58,201","62,243","63,799",83,6.9,2.5,89
"East Stroudsburg, PA","48,872","51,931","52,643",236,6.3,1.4,186
"Eau Claire, WI","51,085","55,372","56,225",177,8.4,1.5,168
"El Centro, CA","45,565","48,228","45,188",357,5.8,-6.3,384
"Elizabethtown-Fort Knox, KY","46,324","50,530","50,602",275,9.1,0.1,276
"Elkhart-Goshen, IN","49,336","56,465","58,570",141,14.5,3.7,38
"Elmira, NY","49,058","51,797","51,630",258,5.6,-0.3,305
"El Paso, TX","40,172","44,093","44,163",369,9.8,0.2,272
"Enid, OK","44,544","49,013","48,872",304,10.0,-0.3,304
"Erie, PA","50,179","52,048","51,396",262,3.7,-1.3,345
"Eugene-Springfield, OR","50,701","55,942","56,188",179,10.3,0.4,261
"Evansville, IN-KY","52,470","57,063","58,138",150,8.8,1.9,137
"Fairbanks, AK","60,410","65,243","67,790",61,8.0,3.9,32
"Fargo, ND-MN","57,832","62,896","64,468",78,8.8,2.5,90
"Farmington, NM","39,050","43,031","43,489",371,10.2,1.1,218
"Fayetteville, NC","41,312","45,071","45,051",358,9.1,0.0,287
"Fayetteville-Springdale-Rogers, AR","64,548","72,389","74,943",26,12.1,3.5,50
"Flagstaff, AZ","52,890","56,505","58,933",137,6.8,4.3,22
"Flint, MI","45,384","48,161","47,564",320,6.1,-1.2,343
"Florence, SC","45,753","49,862","50,679",272,9.0,1.6,158
"Florence-Muscle Shoals, AL","41,386","44,248","44,713",365,6.9,1.1,219
"Fond du Lac, WI","52,419","56,667","58,204",146,8.1,2.7,77
"Fort Collins, CO","59,762","65,501","67,849",58,9.6,3.6,45
"Fort Smith, AR-OK","41,972","44,979","45,543",351,7.2,1.3,200
"Fort Wayne, IN","50,077","55,638","57,079",164,11.1,2.6,86
"Fresno, CA","48,095","51,692","50,549",276,7.5,-2.2,367
"Gadsden, AL","39,607","42,571","42,951",374,7.5,0.9,229
"Gainesville, FL","46,405","50,508","50,892",268,8.8,0.8,237
"Gainesville, GA","50,009","55,175","57,416",159,10.3,4.1,29
"Gettysburg, PA","53,258","55,818","55,597",183,4.8,-0.4,309
"Glens Falls, NY","52,210","55,025","54,454",210,5.4,-1.0,334
"Goldsboro, NC","44,189","49,132","49,370",294,11.2,0.5,256
"Grand Forks, ND-MN","54,502","58,956","60,462",115,8.2,2.6,87
"Grand Island, NE","47,615","53,961","54,336",212,13.3,0.7,241
"Grand Junction, CO","48,548","53,194","54,654",201,9.6,2.7,76
"Grand Rapids-Kentwood, MI","55,061","60,593","62,131",100,10.0,2.5,88
"Grants Pass, OR","47,955","51,979","52,166",249,8.4,0.4,266
"Great Falls, MT","50,449","54,549","57,020",165,8.1,4.5,15
"Greeley, CO","51,920","56,592","58,860",139,9.0,4.0,30
"Green Bay, WI","55,818","59,629","61,179",108,6.8,2.6,85
"Greensboro-High Point, NC","47,359","51,593","52,335",245,8.9,1.4,177
"Greenville, NC","48,920","52,716","53,495",226,7.8,1.5,174
"Greenville-Anderson, SC","47,775","51,431","52,202",248,7.7,1.5,172
"Gulfport-Biloxi, MS","41,371","45,715","45,604",349,10.5,-0.2,301
"Hagerstown-Martinsburg, MD-WV","48,132","51,858","52,426",242,7.7,1.1,213
"Hammond, LA","43,882","47,748","47,512",321,8.8,-0.5,315
"Hanford-Corcoran, CA","41,185","43,818","42,525",376,6.4,-2.9,380
"Harrisburg-Carlisle, PA","57,198","60,777","60,723",112,6.3,-0.1,289
"Harrisonburg, VA","43,349","48,056","51,466",260,10.9,7.1,2
"Hartford-East Hartford-Middletown, CT","66,219","68,802","69,787",45,3.9,1.4,178
"Hattiesburg, MS","41,115","44,669","44,507",368,8.6,-0.4,308
"Hickory-Lenoir-Morganton, NC","44,419","48,547","49,697",288,9.3,2.4,99
"Hilton Head Island-Bluffton, SC","61,516","66,613","67,794",60,8.3,1.8,145
"Hinesville, GA","37,628","40,570","39,616",382,7.8,-2.4,370
"Homosassa Springs, FL","41,602","45,406","45,330",354,9.1,-0.2,295
"Hot Springs, AR","45,130","47,762","48,507",307,5.8,1.6,166
"Houma-Thibodaux, LA","45,589","49,685","50,394",278,9.0,1.4,179
"Houston-The Woodlands-Sugar Land, TX","59,674","65,477","68,344",53,9.7,4.4,19
"Huntington-Ashland, WV-KY-OH","44,094","47,584","48,311",309,7.9,1.5,169
"Huntsville, AL","54,489","58,638","59,677",129,7.6,1.8,146
"Idaho Falls, ID","55,948","57,986","59,280",132,3.6,2.2,111
"Indianapolis-Carmel-Anderson, IN","60,412","66,789","68,719",49,10.6,2.9,71
"Iowa City, IA","56,720","62,250","64,399",80,9.8,3.5,56
"Ithaca, NY","50,472","50,527","51,169",264,0.1,1.3,196
"Jackson, MI","43,423","46,886","46,409",340,8.0,-1.0,333
"Jackson, MS","48,660","53,001","53,606",224,8.9,1.1,210
"Jackson, TN","44,579","49,106","49,028",301,10.2,-0.2,294
"Jacksonville, FL","54,849","60,798","62,729",95,10.8,3.2,65
"Jacksonville, NC","46,781","51,490","51,585",259,10.1,0.2,271
"Janesville-Beloit, WI","47,909","51,955","52,517",239,8.4,1.1,214
"Jefferson City, MO","48,353","50,673","51,936",252,4.8,2.5,91
"Johnson City, TN","44,278","48,424","48,978",303,9.4,1.1,209
"Johnstown, PA","46,250","48,961","47,971",315,5.9,-2.0,362
"Jonesboro, AR","41,774","46,152","45,736",348,10.5,-0.9,330
"Joplin, MO","41,273","43,890","44,900",362,6.3,2.3,108
"Kahului-Wailuku-Lahaina, HI","52,923","60,287","60,376",118,13.9,0.1,274
"Kalamazoo-Portage, MI","54,818","58,792","59,619",130,7.2,1.4,182
"Kankakee, IL","47,418","51,692","51,048",266,9.0,-1.2,344
"Kansas City, MO-KS","57,427","60,710","63,417",88,5.7,4.5,17
"Kennewick-Richland, WA","48,096","52,158","51,799",253,8.4,-0.7,322
"Killeen-Temple, TX","44,975","48,471","47,680",319,7.8,-1.6,354
"Kingsport-Bristol, TN-VA","43,360","46,851","47,442",325,8.1,1.3,199
"Kingston, NY","58,285","61,224","62,270",98,5.0,1.7,154
"Knoxville, TN","51,776","57,057","58,239",145,10.2,2.1,119
"Kokomo, IN","43,810","47,388","47,388",327,8.2,0.0,284
"La Crosse-Onalaska, WI-MN","53,970","59,519","60,402",117,10.3,1.5,173
"Lafayette, LA","48,671","53,114","52,503",240,9.1,-1.2,339
"Lafayette-West Lafayette, IN","43,329","47,186","48,158",313,8.9,2.1,122
"Lake Charles, LA","47,028","51,781","51,799",253,10.1,0.0,282
"Lake Havasu City-Kingman, AZ","40,229","42,777","44,645",366,6.3,4.4,20
"Lakeland-Winter Haven, FL","40,807","43,915","43,223",372,7.6,-1.6,353
"Lancaster, PA","57,816","61,775","63,044",91,6.8,2.1,123
"Lansing-East Lansing, MI","47,089","51,544","50,647",274,9.5,-1.7,356
"Laredo, TX","37,015","41,051","40,873",380,10.9,-0.4,313
"Las Cruces, NM","40,871","45,649","45,361",353,11.7,-0.6,319
"Las Vegas-Henderson-Paradise, NV","52,562","58,388","59,150",133,11.1,1.3,192
"Lawrence, KS","48,676","51,852","52,799",235,6.5,1.8,142
"Lawton, OK","45,691","48,393","47,719",317,5.9,-1.4,349
"Lebanon, PA","52,362","55,937","56,207",178,6.8,0.5,258
"Lewiston, ID-WA","48,266","52,368","54,393",211,8.5,3.9,34
"Lewiston-Auburn, ME","45,865","48,186","49,055",300,5.1,1.8,144
"Lexington-Fayette, KY","53,274","56,894","57,875",152,6.8,1.7,152
"Lima, OH","46,952","49,896","50,195",281,6.3,0.6,246
"Lincoln, NE","53,446","59,189","60,299",121,10.7,1.9,138
"Little Rock-North Little Rock-Conway, AR","50,911","54,900","55,848",182,7.8,1.7,150
"Logan, UT-ID","42,741","48,001","48,059",314,12.3,0.1,279
"Longview, TX","46,367","49,559","50,727",271,6.9,2.4,100
"Longview, WA","49,999","54,131","54,630",202,8.3,0.9,227
"Los Angeles-Long Beach-Anaheim, CA","69,362","75,379","76,445",21,8.7,1.4,180
"Louisville/Jefferson County, KY-IN","54,631","60,373","61,490",104,10.5,1.9,140
"Lubbock, TX","48,010","52,033","52,295",247,8.4,0.5,251
"Lynchburg, VA","44,166","47,456","48,255",312,7.4,1.7,156
"Macon-Bibb County, GA","43,140","47,487","46,470",339,10.1,-2.1,366
"Madera, CA","44,394","47,533","46,406",341,7.1,-2.4,371
"Madison, WI","63,791","70,349","71,516",38,10.3,1.7,157
"Manchester-Nashua, NH","66,256","69,833","71,761",35,5.4,2.8,74
"Manhattan, KS","48,378","51,591","52,544",238,6.6,1.8,141
"Mankato, MN","49,812","53,109","54,537",206,6.6,2.7,81
"Mansfield, OH","42,685","45,205","44,998",359,5.9,-0.5,314
"McAllen-Edinburg-Mission, TX","31,310","34,614","33,525",384,10.6,-3.1,382
"Medford, OR","51,850","56,928","57,552",158,9.8,1.1,212
"Memphis, TN-MS-AR","51,325","56,579","56,440",174,10.2,-0.2,302
"Merced, CA","44,163","47,574","46,188",345,7.7,-2.9,378
"Miami-Fort Lauderdale-Pompano Beach, FL","64,949","74,463","77,732",20,14.6,4.4,18
"Michigan City-La Porte, IN","44,985","49,144","49,992",283,9.2,1.7,151
"Midland, MI","56,589","60,150","60,842",111,6.3,1.2,208
"Midland, TX","106,217","123,682","143,728",1,16.4,16.2,1
"Milwaukee-Waukesha, WI","60,530","66,586","68,155",56,10.0,2.4,101
"Minneapolis-St. Paul-Bloomington, MN-WI","66,431","72,654","75,164",24,9.4,3.5,55
"Missoula, MT","57,586","61,813","63,790",84,7.3,3.2,63
"Mobile, AL","42,339","47,245","47,447",324,11.6,0.4,262
"Modesto, CA","48,532","52,130","51,015",267,7.4,-2.1,365
"Monroe, LA","43,343","46,581","46,638",337,7.5,0.1,278
"Monroe, MI","49,721","52,634","52,998",233,5.9,0.7,243
"Montgomery, AL","45,527","48,911","49,134",298,7.4,0.5,259
"Morgantown, WV","47,392","51,419","52,114",250,8.5,1.4,189
"Morristown, TN","40,503","45,087","45,286",355,11.3,0.4,260
"Mount Vernon-Anacortes, WA","57,890","62,412","62,915",93,7.8,0.8,235
"Muncie, IN","41,680","45,087","45,465",352,8.2,0.8,233
"Muskegon, MI","43,376","46,019","45,571",350,6.1,-1.0,332
"Myrtle Beach-Conway-North Myrtle Beach, SC-NC","46,773","50,432","50,217",280,7.8,-0.4,312
"Napa, CA","81,905","87,422","86,863",10,6.7,-0.6,320
"Naples-Marco Island, FL","110,993","126,031","131,160",3,13.5,4.1,27
"Nashville-Davidson--Murfreesboro--Franklin, TN","63,891","70,507","74,035",30,10.4,5.0,10
"New Bern, NC","48,889","53,548","53,690",222,9.5,0.3,269
"New Haven-Milford, CT","60,506","63,599","64,829",76,5.1,1.9,132
"New Orleans-Metairie, LA","56,248","61,860","61,801",103,10.0,-0.1,291
"New York-Newark-Jersey City, NY-NJ-PA","76,868","83,962","84,084",14,9.2,0.1,275
"Niles, MI","53,645","59,719","60,311",120,11.3,1.0,223
"North Port-Sarasota-Bradenton, FL","64,391","70,878","72,316",33,10.1,2.0,124
"Norwich-New London, CT","61,119","64,182","64,847",75,5.0,1.0,220
"Ocala, FL","40,896","45,009","44,521",367,10.1,-1.1,336
"Ocean City, NJ","68,836","73,458","71,590",37,6.7,-2.5,374
"Odessa, TX","48,111","52,703","55,448",185,9.5,5.2,8
"Ogden-Clearfield, UT","48,181","52,671","54,671",199,9.3,3.8,35
"Oklahoma City, OK","53,642","59,059","60,687",113,10.1,2.8,75
"Olympia-Lacey-Tumwater, WA","54,831","59,001","59,697",128,7.6,1.2,205
"Omaha-Council Bluffs, NE-IA","59,897","65,275","68,586",51,9.0,5.1,9
"Orlando-Kissimmee-Sanford, FL","47,705","53,183","53,959",218,11.5,1.5,175
"Oshkosh-Neenah, WI","51,855","56,253","56,878",168,8.5,1.1,211
"Owensboro, KY","45,559","49,723","49,701",287,9.1,0.0,286
"Oxnard-Thousand Oaks-Ventura, CA","68,273","74,527","76,375",22,9.2,2.5,93
"Palm Bay-Melbourne-Titusville, FL","51,212","55,934","56,817",169,9.2,1.6,163
"Panama City, FL","50,069","54,638","54,268",214,9.1,-0.7,321
"Parkersburg-Vienna, WV","47,676","54,708","57,251",161,14.7,4.6,13
"Pensacola-Ferry Pass-Brent, FL","48,606","53,389","54,221",215,9.8,1.6,167
"Peoria, IL","51,961","56,157","56,918",166,8.1,1.4,188
"Philadelphia-Camden-Wilmington, PA-NJ-DE-MD","67,745","71,809","73,291",31,6.0,2.1,121
"Phoenix-Mesa-Chandler, AZ","54,747","59,518","61,840",102,8.7,3.9,33
"Pine Bluff, AR","37,396","40,641","40,525",381,8.7,-0.3,303
"Pittsburgh, PA","61,414","65,473","65,792",68,6.6,0.5,255
"Pittsfield, MA","61,119","64,444","64,758",77,5.4,0.5,254
"Pocatello, ID","42,795","46,021","47,470",323,7.5,3.1,66
"Portland-South Portland, ME","63,483","69,217","71,990",34,9.0,4.0,31
"Portland-Vancouver-Hillsboro, OR-WA","62,550","68,356","69,435",47,9.3,1.6,164
"Port St. Lucie, FL","62,331","67,616","70,400",44,8.5,4.1,26
"Poughkeepsie-Newburgh-Middletown, NY","58,949","61,669","62,509",97,4.6,1.4,187
"Prescott Valley-Prescott, AZ","46,954","50,065","51,747",256,6.6,3.4,58
"Providence-Warwick, RI-MA","59,500","63,778","63,746",85,7.2,-0.1,288
"Provo-Orem, UT","47,125","51,044","53,731",221,8.3,5.3,7
"Pueblo, CO","43,256","46,883","47,208",329,8.4,0.7,242
"Punta Gorda, FL","48,422","52,777","53,227",230,9.0,0.9,232
"Racine, WI","52,951","56,680","57,574",157,7.0,1.6,165
"Raleigh-Cary, NC","61,360","68,443","70,628",41,11.5,3.2,64
"Rapid City, SD","57,839","63,583","65,807",67,9.9,3.5,52
"Reading, PA","54,418","58,311","58,199",147,7.2,-0.2,296
"Redding, CA","51,246","54,546","54,120",217,6.4,-0.8,326
"Reno, NV","65,134","75,364","78,077",18,15.7,3.6,44
"Richmond, VA","61,305","65,915","68,205",54,7.5,3.5,53
"Riverside-San Bernardino-Ontario, CA","47,177","50,572","50,407",277,7.2,-0.3,306
"Roanoke, VA","49,773","53,519","55,243",190,7.5,3.2,62
"Rochester, MN","58,916","63,670","65,003",73,8.1,2.1,117
"Rochester, NY","55,630","58,358","57,902",151,4.9,-0.8,327
"Rockford, IL","47,136","51,344","50,806",269,8.9,-1.0,335
"Rocky Mount, NC","44,516","47,945","48,298",311,7.7,0.7,238
"Rome, GA","40,944","44,304","44,126",370,8.2,-0.4,310
"Sacramento-Roseville-Folsom, CA","61,712","66,696","66,940",64,8.1,0.4,264
"Saginaw, MI","45,686","48,577","47,700",318,6.3,-1.8,359
"St. Cloud, MN","53,197","57,138","58,261",144,7.4,2.0,129
"St. George, UT","45,360","49,425","50,746",270,9.0,2.7,82
"St. Joseph, MO-KS","43,464","46,420","46,980",333,6.8,1.2,202
"St. Louis, MO-IL","61,190","66,848","69,698",46,9.2,4.3,24
"Salem, OR","48,434","52,920","53,589",225,9.3,1.3,198
"Salinas, CA","60,216","64,799","65,123",71,7.6,0.5,252
"Salisbury, MD-DE","52,014","57,038","58,936",136,9.7,3.3,61
"Salt Lake City, UT","56,393","62,421","65,085",72,10.7,4.3,23
"San Angelo, TX","56,198","61,053","63,284",89,8.6,3.7,40
"San Antonio-New Braunfels, TX","50,165","54,459","55,180",192,8.6,1.3,191
"San Diego-Chula Vista-Carlsbad, CA","67,536","73,350","74,326",29,8.6,1.3,190
"San Francisco-Oakland-Berkeley, CA","107,815","124,398","123,736",5,15.4,-0.5,317
"San Jose-Sunnyvale-Santa Clara, CA","122,544","141,739","141,516",2,15.7,-0.2,293
"San Luis Obispo-Paso Robles, CA","63,024","68,717","67,951",57,9.0,-1.1,337
"Santa Cruz-Watsonville, CA","78,299","88,997","86,365",11,13.7,-3.0,381
"Santa Fe, NM","63,104","72,940","74,751",27,15.6,2.5,92
"Santa Maria-Santa Barbara, CA","68,801","76,910","75,720",23,11.8,-1.5,352
"Santa Rosa-Petaluma, CA","71,866","78,558","77,900",19,9.3,-0.8,328
"Savannah, GA","50,339","55,331","55,383",187,9.9,0.1,281
"Scranton--Wilkes-Barre, PA","49,892","52,976","52,304",246,6.2,-1.3,346
"Seattle-Tacoma-Bellevue, WA","81,785","90,194","92,113",9,10.3,2.1,114
"Sebastian-Vero Beach, FL","87,110","99,515","105,250",6,14.2,5.8,5
"Sebring-Avon Park, FL","38,713","41,693","41,845",378,7.7,0.4,265
"Sheboygan, WI","54,964","58,813","60,359",119,7.0,2.6,84
"Sherman-Denison, TX","48,865","52,873","53,393",229,8.2,1.0,224
"Shreveport-Bossier City, LA","52,235","55,374","55,858",181,6.0,0.9,230
"Sierra Vista-Douglas, AZ","46,835","49,445","50,195",281,5.6,1.5,170
"Sioux City, IA-NE-SD","53,474","57,441","59,427",131,7.4,3.5,54
"Sioux Falls, SD","66,620","72,093","74,725",28,8.2,3.7,42
"South Bend-Mishawaka, IN-MI","50,113","55,221","56,410",176,10.2,2.2,113
"Spartanburg, SC","47,726","52,220","52,621",237,9.4,0.8,236
"Spokane-Spokane Valley, WA","48,577","53,887","53,620",223,10.9,-0.5,316
"Springfield, IL","52,228","57,827","57,178",162,10.7,-1.1,338
"Springfield, MA","59,263","60,597","60,461",116,2.3,-0.2,300
"Springfield, MO","45,566","48,226","49,533",290,5.8,2.7,78
"Springfield, OH","44,342","47,344","47,151",330,6.8,-0.4,311
"State College, PA","52,013","55,107","54,686",198,5.9,-0.8,325
"Staunton, VA","47,467","51,192","52,910",234,7.8,3.4,59
"Stockton, CA","51,317","55,827","54,183",216,8.8,-2.9,379
"Sumter, SC","42,396","46,391","46,288",343,9.4,-0.2,299
"Syracuse, NY","55,046","58,098","57,576",156,5.5,-0.9,329
"Tallahassee, FL","47,474","52,041","52,359",244,9.6,0.6,245
"Tampa-St. Petersburg-Clearwater, FL","53,629","58,517","60,091",123,9.1,2.7,80
"Terre Haute, IN","41,804","45,615","45,783",347,9.1,0.4,263
"Texarkana, TX-AR","42,609","46,238","46,472",338,8.5,0.5,250
"The Villages, FL","59,621","68,524","69,224",48,14.9,1.0,221
"Toledo, OH","50,875","54,212","54,483",208,6.6,0.5,253
"Topeka, KS","50,122","53,456","54,500",207,6.7,2.0,131
"Trenton-Princeton, NJ","72,811","77,984","79,354",17,7.1,1.8,148
"Tucson, AZ","49,601","53,034","54,464",209,6.9,2.7,79
"Tulsa, OK","55,882","60,830","62,618",96,8.9,2.9,69
"Tuscaloosa, AL","39,192","41,225","41,350",379,5.2,0.3,268
"Twin Falls, ID","43,105","46,368","48,305",310,7.6,4.2,25
"Tyler, TX","55,450","63,074","66,784",65,13.8,5.9,4
"Urban Honolulu, HI","60,273","64,193","64,936",74,6.5,1.2,206
"Utica-Rome, NY","49,228","52,213","51,162",265,6.1,-2.0,361
"Valdosta, GA","40,260","43,123","42,469",377,7.1,-1.5,351
"Vallejo, CA","57,029","59,873","58,273",143,5.0,-2.7,376
"Victoria, TX","53,446","57,395","58,905",138,7.4,2.6,83
"Vineland-Bridgeton, NJ","44,000","48,073","46,791",334,9.3,-2.7,375
"Virginia Beach-Norfolk-Newport News, VA-NC","52,283","56,699","57,873",153,8.4,2.1,120
"Visalia, CA","45,523","48,626","47,295",328,6.8,-2.7,377
"Waco, TX","45,394","49,508","49,798",286,9.1,0.6,248
"Walla Walla, WA","49,569","54,897","55,436",186,10.7,1.0,225
"Warner Robins, GA","44,845","48,567","47,478",322,8.3,-2.2,369
"Washington-Arlington-Alexandria, DC-VA-MD-WV","75,141","81,121","83,010",15,8.0,2.3,105
"Waterloo-Cedar Falls, IA","50,161","53,960","55,247",189,7.6,2.4,98
"Watertown-Fort Drum, NY","50,260","52,354","51,749",255,4.2,-1.2,340
"Wausau-Weston, WI","53,612","57,969","58,770",140,8.1,1.4,183
"Weirton-Steubenville, WV-OH","44,101","47,495","47,725",316,7.7,0.5,257
"Wenatchee, WA","53,692","57,775","57,853",154,7.6,0.1,277
"Wheeling, WV-OH","47,389","51,988","53,193",231,9.7,2.3,106
"Wichita, KS","52,170","56,110","58,165",149,7.6,3.7,39
"Wichita Falls, TX","47,841","51,082","51,731",257,6.8,1.3,197
"Williamsport, PA","48,046","50,730","49,869",285,5.6,-1.7,355
"Wilmington, NC","52,233","57,695","58,526",142,10.5,1.4,176
"Winchester, VA-WV","53,138","57,743","59,702",127,8.7,3.4,57
"Winston-Salem, NC","48,648","53,204","54,330",213,9.4,2.1,115
"Worcester, MA-CT","59,994","63,142","63,475",87,5.2,0.5,249
"Yakima, WA","45,996","49,637","49,266",295,7.9,-0.7,323
"York-Hanover, PA","54,395","57,656","57,321",160,6.0,-0.6,318
"Youngstown-Warren-Boardman, OH-PA","45,478","48,647","48,645",305,7.0,0.0,285
"Yuba City, CA","47,794","51,401","50,252",279,7.5,-2.2,368
"Yuma, AZ","42,177","44,285","44,811",364,5.0,1.2,203
"1. Per capita personal income was computed using U.S. Census Bureau midyear population estimates for 2020 through 2022, released in March 2023.",,,,,,,
"Note. Metropolitan areas are defined (geographically delineated) by the Office of Management and Budget (OMB) Bulletin No. 20-01, issued March 6, 2020.",,,,,,,
U.S. Bureau of Economic Analysis,,,,,,,
